iter	RMSE
0	16.0599927
1	16.01655152
2	15.83091498
3	15.74077466
4	15.67604133
5	15.40817143
6	15.36133019
